"File name";Size;Creator;Date;Name;Description;Path
DS-Skript.pdf;6035895;"Prof. Dr. Henning Fernau";"2016-04-17 22:54:41";"Das DS Skript vom WS 15/16 zum Nachlesen";;/DS-Skript.pdf
VL1.pdf;160076;"Prof. Dr. Henning Fernau";"2016-04-15 08:57:22";VL1.pdf;;/VL1.pdf
VL10.pdf;202962;"Prof. Dr. Henning Fernau";"2016-07-01 16:41:48";VL10.pdf;;/VL10.pdf
VL11.pdf;102367;"Prof. Dr. Henning Fernau";"2016-06-20 22:59:40";VL11.pdf;;/VL11.pdf
VL13.pdf;63373;"Prof. Dr. Henning Fernau";"2016-07-15 10:18:19";VL13.pdf;;/VL13.pdf
VL2.pdf;170347;"Prof. Dr. Henning Fernau";"2016-04-15 08:57:39";VL2.pdf;;/VL2.pdf
VL2Beweise.pdf;108321;"Prof. Dr. Henning Fernau";"2016-04-29 08:32:53";VL2Beweise.pdf;;/VL2Beweise.pdf
VL3.pdf;183065;"Prof. Dr. Henning Fernau";"2016-05-06 15:35:49";VL3.pdf;;/VL3.pdf
VL4.pdf;157740;"Prof. Dr. Henning Fernau";"2016-05-06 15:36:20";VL4.pdf;;/VL4.pdf
VL5.pdf;159353;"Prof. Dr. Henning Fernau";"2016-05-06 15:36:51";VL5.pdf;;/VL5.pdf
VL6.pdf;175281;"Prof. Dr. Henning Fernau";"2016-06-02 15:32:05";VL6.pdf;;/VL6.pdf
VL7.pdf;231676;"Prof. Dr. Henning Fernau";"2016-06-02 15:33:10";VL7.pdf;;/VL7.pdf
VL8.pdf;149064;"Prof. Dr. Henning Fernau";"2016-06-02 15:33:49";VL8.pdf;;/VL8.pdf
VL9.pdf;122800;"Prof. Dr. Henning Fernau";"2016-06-02 15:34:20";VL9.pdf;;/VL9.pdf
